{"epoch": 20, "v_mp": 0.0, "v_mr": 0.0, "v_map50": 0.0, "v_map": 0.0, "v_lbox": 0.07959295809268951, "v_lobj": 0.040310658514499664, "v_lcls": 0.034785427153110504, "train_mp": 0.0, "train_mr": 0.0, "train_map50": 0.0, "train_map": 0.0, "train_lbox": 0.07959295809268951, "train_lobj": 0.040310658514499664, "train_lcls": 0.034785427153110504, "t_lbox": 0.07637688517570496, "t_lobj": 0.04134726524353027, "t_lcls": 0.03302370384335518, "lr0": 0.009373000000000001, "lr1": 0.009373000000000001, "lr2": 0.009373000000000001, "_timestamp": 1690525018.4178078, "_runtime": 745.6177818775177, "_step": 28}