{"epoch": 5, "fi": 0.0, "mp": 0.0, "mr": 0.0, "map50": 0.0, "map": 0.0, "v_lbox": 0.1848985254764557, "v_lobj": 0.017702167853713036, "v_lcls": 0.03503859043121338, "t_lbox": 0.17697441577911377, "t_lobj": 0.018453173339366913, "t_lcls": 0.018453173339366913, "lr": [0.009868, 0.009868, 0.009868], "_timestamp": 1683784626.3136818, "_runtime": 346.67558884620667, "_step": 5}