{"epoch": 0, "fi": 0.0, "mp": 0.0, "mr": 0.0, "map50": 0.0, "map": 0.0, "v_lbox": 0.08025993406772614, "v_lobj": 0.017754070460796356, "v_lcls": 0.0351271852850914, "t_lbox": 0.07579972594976425, "t_lobj": 0.019570287317037582, "t_lcls": 0.019570287317037582, "lr": [0.01, 0.01, 0.01], "_timestamp": 1683640936.782397, "_runtime": 33.82835412025452, "_step": 0}