{"epoch": 1, "fi": 0.0, "mp": 0.0, "mr": 0.0, "map50": 0.0, "map": 0.0, "v_lbox": 0.18492838740348816, "v_lobj": 0.017739180475473404, "v_lcls": 0.03510314226150513, "t_lbox": 0.22523008286952972, "t_lobj": 0.019379332661628723, "t_lcls": 0.019379332661628723, "lr": [0.01, 0.01, 0.01], "_timestamp": 1683811953.4804504, "_runtime": 74.30697631835938, "_step": 1}