{"epoch": 0, "fi": 0.0, "mp": 0.0, "mr": 0.0, "map50": 0.0, "map": 0.0, "v_lbox": 0.18493443727493286, "v_lobj": 0.017748035490512848, "v_lcls": 0.035116925835609436, "t_lbox": 0.18370330333709717, "t_lobj": 0.019411129876971245, "t_lcls": 0.019411129876971245, "lr": [0.01, 0.01, 0.01], "_timestamp": 1683810613.0624323, "_runtime": 438.6474883556366, "_step": 0}