{"epoch": 0, "fi": 0.0, "mp": 0.0, "mr": 0.0, "map50": 0.0, "map": 0.0, "v_lbox": 0.08107787370681763, "v_lobj": 0.039006300270557404, "v_lcls": 0.03525710850954056, "t_lbox": 0.07647794485092163, "t_lobj": 0.03710386902093887, "t_lcls": 0.034934401512145996, "lr0": 0.01, "lr1": 0.01, "lr2": 0.01, "_timestamp": 1684220344.8580575, "_runtime": 211.60588550567627, "_step": 0}