{"epoch": 1, "fi": 0.0, "mp": 0.0, "mr": 0.0, "map50": 0.0, "map": 0.0, "v_lbox": 0.18464264273643494, "v_lobj": 0.017748326063156128, "v_lcls": 0.035119637846946716, "t_lbox": 0.2677020728588104, "t_lobj": 0.0196797214448452, "t_lcls": 0.0196797214448452, "lr": [0.01, 0.01, 0.01], "_timestamp": 1683776433.9154112, "_runtime": 64.45851135253906, "_step": 1}